<?xml version="1.0" encoding="ISO-8859-1" ?>
<link_info>
   <banner>TI ARM Clang Linker PC v3.2.2.LTS</banner>
   <copyright>Copyright (c) 1996-2018 Texas Instruments Incorporated</copyright>
   <link_time>0x673a8805</link_time>
   <link_errors>0x0</link_errors>
   <output_file>E:\SNHU2\SNHU\CS350\uartECHO\Debug\uartECHO.out</output_file>
   <entry_point>
      <name>_c_int00_noinit_noargs</name>
      <address>0x20004001</address>
   </entry_point>
   <input_file_list>
      <input_file id="fl-1">
         <path>E:\SNHU2\SNHU\CS350\uartECHO\Debug\.\</path>
         <kind>object</kind>
         <file>main.o</file>
         <name>main.o</name>
      </input_file>
      <input_file id="fl-b">
         <path>E:\SNHU2\SNHU\CS350\uartECHO\Debug\</path>
         <kind>object</kind>
         <file>&lt;internal&gt;</file>
         <name>&lt;internal&gt;</name>
      </input_file>
      <input_file id="fl-7f">
         <path>E:\ti\ccs1281\ccs\tools\compiler\ti-cgt-armllvm_3.2.2.LTS\lib\armv7em-ti-none-eabi\c\</path>
         <kind>archive</kind>
         <file>libc.a</file>
         <name>boot_cortex_m.c.obj</name>
      </input_file>
      <input_file id="fl-80">
         <path>E:\ti\ccs1281\ccs\tools\compiler\ti-cgt-armllvm_3.2.2.LTS\lib\armv7em-ti-none-eabi\c\</path>
         <kind>archive</kind>
         <file>libc.a</file>
         <name>mathacl_init.c.obj</name>
      </input_file>
      <input_file id="fl-81">
         <path>E:\ti\ccs1281\ccs\tools\compiler\ti-cgt-armllvm_3.2.2.LTS\lib\armv7em-ti-none-eabi\c\</path>
         <kind>archive</kind>
         <file>libc.a</file>
         <name>autoinit.c.obj</name>
      </input_file>
      <input_file id="fl-82">
         <path>E:\ti\ccs1281\ccs\tools\compiler\ti-cgt-armllvm_3.2.2.LTS\lib\armv7em-ti-none-eabi\c\</path>
         <kind>archive</kind>
         <file>libc.a</file>
         <name>pre_init.c.obj</name>
      </input_file>
      <input_file id="fl-83">
         <path>E:\ti\ccs1281\ccs\tools\compiler\ti-cgt-armllvm_3.2.2.LTS\lib\armv7em-ti-none-eabi\c\</path>
         <kind>archive</kind>
         <file>libc.a</file>
         <name>cpy_tbl.c.obj</name>
      </input_file>
      <input_file id="fl-84">
         <path>E:\ti\ccs1281\ccs\tools\compiler\ti-cgt-armllvm_3.2.2.LTS\lib\armv7em-ti-none-eabi\c\</path>
         <kind>archive</kind>
         <file>libc.a</file>
         <name>copy_zero_init.c.obj</name>
      </input_file>
      <input_file id="fl-85">
         <path>E:\ti\ccs1281\ccs\tools\compiler\ti-cgt-armllvm_3.2.2.LTS\lib\armv7em-ti-none-eabi\c\</path>
         <kind>archive</kind>
         <file>libc.a</file>
         <name>copy_decompress_none.c.obj</name>
      </input_file>
      <input_file id="fl-86">
         <path>E:\ti\ccs1281\ccs\tools\compiler\ti-cgt-armllvm_3.2.2.LTS\lib\armv7em-ti-none-eabi\c\</path>
         <kind>archive</kind>
         <file>libc.a</file>
         <name>copy_decompress_lzss.c.obj</name>
      </input_file>
      <input_file id="fl-87">
         <path>E:\ti\ccs1281\ccs\tools\compiler\ti-cgt-armllvm_3.2.2.LTS\lib\armv7em-ti-none-eabi\c\</path>
         <kind>archive</kind>
         <file>libc.a</file>
         <name>exit.c.obj</name>
      </input_file>
      <input_file id="fl-88">
         <path>E:\ti\ccs1281\ccs\tools\compiler\ti-cgt-armllvm_3.2.2.LTS\lib\armv7em-ti-none-eabi\c\</path>
         <kind>archive</kind>
         <file>libc.a</file>
         <name>_lock.c.obj</name>
      </input_file>
      <input_file id="fl-89">
         <path>E:\ti\ccs1281\ccs\tools\compiler\ti-cgt-armllvm_3.2.2.LTS\lib\armv7em-ti-none-eabi\c\</path>
         <kind>archive</kind>
         <file>libc.a</file>
         <name>args_main.c.obj</name>
      </input_file>
      <input_file id="fl-8a">
         <path>E:\ti\ccs1281\ccs\tools\compiler\ti-cgt-armllvm_3.2.2.LTS\lib\clang\15.0.7\lib\armv7em-ti-none-eabi\</path>
         <kind>archive</kind>
         <file>libclang_rt.builtins.a</file>
         <name>aeabi_memcpy.S.obj</name>
      </input_file>
      <input_file id="fl-8b">
         <path>E:\ti\ccs1281\ccs\tools\compiler\ti-cgt-armllvm_3.2.2.LTS\lib\clang\15.0.7\lib\armv7em-ti-none-eabi\</path>
         <kind>archive</kind>
         <file>libclang_rt.builtins.a</file>
         <name>aeabi_memset.S.obj</name>
      </input_file>
      <input_file id="fl-8c">
         <path>E:\ti\ccs1281\ccs\tools\compiler\ti-cgt-armllvm_3.2.2.LTS\lib\armv7em-ti-none-eabi\c\</path>
         <kind>archive</kind>
         <file>libc.a</file>
         <name>memcpy_t2.S.obj</name>
      </input_file>
      <input_file id="fl-8d">
         <path>E:\ti\ccs1281\ccs\tools\compiler\ti-cgt-armllvm_3.2.2.LTS\lib\armv7em-ti-none-eabi\c\</path>
         <kind>archive</kind>
         <file>libc.a</file>
         <name>memset_t2.S.obj</name>
      </input_file>
   </input_file_list>
   <object_component_list>
      <object_component id="oc-3e">
         <name>.text:_c_int00_noinit_noargs</name>
         <load_address>0x20004000</load_address>
         <readonly>true</readonly>
         <executable>true</executable>
         <run_address>0x20004000</run_address>
         <size>0x20</size>
         <alignment>0x4</alignment>
         <input_file_ref idref="fl-7f"/>
      </object_component>
      <object_component id="oc-50">
         <name>.text._system_pre_init</name>
         <load_address>0x20004020</load_address>
         <readonly>true</readonly>
         <executable>true</executable>
         <run_address>0x20004020</run_address>
         <size>0x4</size>
         <alignment>0x2</alignment>
         <input_file_ref idref="fl-82"/>
      </object_component>
      <object_component id="oc-54">
         <name>.text.main</name>
         <load_address>0x20004024</load_address>
         <readonly>true</readonly>
         <executable>true</executable>
         <run_address>0x20004024</run_address>
         <size>0x4</size>
         <alignment>0x2</alignment>
         <input_file_ref idref="fl-1"/>
      </object_component>
      <object_component id="oc-6e">
         <name>.text:abort</name>
         <load_address>0x20004028</load_address>
         <readonly>true</readonly>
         <executable>true</executable>
         <run_address>0x20004028</run_address>
         <size>0x4</size>
         <alignment>0x2</alignment>
         <input_file_ref idref="fl-87"/>
      </object_component>
      <object_component id="oc-dc">
         <name>__TI_cinit_table</name>
         <load_address>0x20004000</load_address>
         <readonly>true</readonly>
         <run_address>0x20004000</run_address>
         <size>0x0</size>
         <alignment>0x4</alignment>
      </object_component>
      <object_component id="oc-12">
         <name>.stack</name>
         <uninitialized>true</uninitialized>
         <readwrite>true</readwrite>
         <run_address>0x20003800</run_address>
         <size>0x4</size>
         <alignment>0x4</alignment>
         <input_file_ref idref="fl-7f"/>
      </object_component>
      <object_component id="oc-de">
         <name>.stack</name>
         <uninitialized>true</uninitialized>
         <readwrite>true</readwrite>
         <run_address>0x20003800</run_address>
         <size>0x0</size>
         <alignment>0x8</alignment>
      </object_component>
      <object_component id="oc-6c">
         <name>.debug_abbrev</name>
         <load_address>0x0</load_address>
         <run_address>0x0</run_address>
         <size>0x39</size>
         <alignment>0x1</alignment>
         <input_file_ref idref="fl-1"/>
      </object_component>
      <object_component id="oc-27">
         <name>.debug_abbrev</name>
         <load_address>0x39</load_address>
         <run_address>0x39</run_address>
         <size>0xaf</size>
         <alignment>0x1</alignment>
         <input_file_ref idref="fl-7f"/>
      </object_component>
      <object_component id="oc-6a">
         <name>.debug_abbrev</name>
         <load_address>0xe8</load_address>
         <run_address>0xe8</run_address>
         <size>0x39</size>
         <alignment>0x1</alignment>
         <input_file_ref idref="fl-82"/>
      </object_component>
      <object_component id="oc-8e">
         <name>.debug_abbrev</name>
         <load_address>0x121</load_address>
         <run_address>0x121</run_address>
         <size>0xb3</size>
         <alignment>0x1</alignment>
         <input_file_ref idref="fl-87"/>
      </object_component>
      <object_component id="oc-e0">
         <name>.debug_abbrev</name>
         <load_address>0x1d4</load_address>
         <run_address>0x1d4</run_address>
         <size>0xf</size>
         <alignment>0x0</alignment>
      </object_component>
      <object_component id="oc-55">
         <name>.debug_info</name>
         <load_address>0x0</load_address>
         <run_address>0x0</run_address>
         <size>0x46</size>
         <alignment>0x1</alignment>
         <input_file_ref idref="fl-1"/>
      </object_component>
      <object_component id="oc-13">
         <name>.debug_info</name>
         <load_address>0x46</load_address>
         <run_address>0x46</run_address>
         <size>0x423</size>
         <alignment>0x1</alignment>
         <input_file_ref idref="fl-7f"/>
      </object_component>
      <object_component id="oc-53">
         <name>.debug_info</name>
         <load_address>0x469</load_address>
         <run_address>0x469</run_address>
         <size>0x46</size>
         <alignment>0x1</alignment>
         <input_file_ref idref="fl-82"/>
      </object_component>
      <object_component id="oc-6f">
         <name>.debug_info</name>
         <load_address>0x4af</load_address>
         <run_address>0x4af</run_address>
         <size>0xed</size>
         <alignment>0x1</alignment>
         <input_file_ref idref="fl-87"/>
      </object_component>
      <object_component id="oc-df">
         <name>.debug_info</name>
         <load_address>0x59c</load_address>
         <run_address>0x59c</run_address>
         <size>0x96</size>
         <alignment>0x0</alignment>
      </object_component>
      <object_component id="oc-6d">
         <name>.debug_str</name>
         <load_address>0x0</load_address>
         <run_address>0x0</run_address>
         <size>0xae</size>
         <alignment>0x1</alignment>
         <input_file_ref idref="fl-1"/>
      </object_component>
      <object_component id="oc-28">
         <name>.debug_str</name>
         <load_address>0xae</load_address>
         <run_address>0xae</run_address>
         <size>0x225</size>
         <alignment>0x1</alignment>
         <input_file_ref idref="fl-7f"/>
      </object_component>
      <object_component id="oc-6b">
         <name>.debug_str</name>
         <load_address>0x2d3</load_address>
         <run_address>0x2d3</run_address>
         <size>0xf5</size>
         <alignment>0x1</alignment>
         <input_file_ref idref="fl-82"/>
      </object_component>
      <object_component id="oc-8f">
         <name>.debug_str</name>
         <load_address>0x3c8</load_address>
         <run_address>0x3c8</run_address>
         <size>0x13f</size>
         <alignment>0x1</alignment>
         <input_file_ref idref="fl-87"/>
      </object_component>
      <object_component id="oc-56">
         <name>.debug_frame</name>
         <load_address>0x0</load_address>
         <run_address>0x0</run_address>
         <size>0x20</size>
         <alignment>0x4</alignment>
         <input_file_ref idref="fl-1"/>
      </object_component>
      <object_component id="oc-3f">
         <name>.debug_frame</name>
         <load_address>0x20</load_address>
         <run_address>0x20</run_address>
         <size>0x90</size>
         <alignment>0x4</alignment>
         <input_file_ref idref="fl-7f"/>
      </object_component>
      <object_component id="oc-52">
         <name>.debug_frame</name>
         <load_address>0xb0</load_address>
         <run_address>0xb0</run_address>
         <size>0x20</size>
         <alignment>0x4</alignment>
         <input_file_ref idref="fl-82"/>
      </object_component>
      <object_component id="oc-72">
         <name>.debug_frame</name>
         <load_address>0xd0</load_address>
         <run_address>0xd0</run_address>
         <size>0x30</size>
         <alignment>0x4</alignment>
         <input_file_ref idref="fl-87"/>
      </object_component>
      <object_component id="oc-57">
         <name>.debug_line</name>
         <load_address>0x0</load_address>
         <run_address>0x0</run_address>
         <size>0x3b</size>
         <alignment>0x1</alignment>
         <input_file_ref idref="fl-1"/>
      </object_component>
      <object_component id="oc-29">
         <name>.debug_line</name>
         <load_address>0x3b</load_address>
         <run_address>0x3b</run_address>
         <size>0x19a</size>
         <alignment>0x1</alignment>
         <input_file_ref idref="fl-7f"/>
      </object_component>
      <object_component id="oc-51">
         <name>.debug_line</name>
         <load_address>0x1d5</load_address>
         <run_address>0x1d5</run_address>
         <size>0x3e</size>
         <alignment>0x1</alignment>
         <input_file_ref idref="fl-82"/>
      </object_component>
      <object_component id="oc-71">
         <name>.debug_line</name>
         <load_address>0x213</load_address>
         <run_address>0x213</run_address>
         <size>0x6b</size>
         <alignment>0x1</alignment>
         <input_file_ref idref="fl-87"/>
      </object_component>
      <object_component id="oc-2b">
         <name>.debug_loc</name>
         <load_address>0x0</load_address>
         <run_address>0x0</run_address>
         <size>0xd8</size>
         <alignment>0x1</alignment>
         <input_file_ref idref="fl-7f"/>
      </object_component>
      <object_component id="oc-74">
         <name>.debug_loc</name>
         <load_address>0xd8</load_address>
         <run_address>0xd8</run_address>
         <size>0x26</size>
         <alignment>0x1</alignment>
         <input_file_ref idref="fl-87"/>
      </object_component>
      <object_component id="oc-2a">
         <name>.debug_ranges</name>
         <load_address>0x0</load_address>
         <run_address>0x0</run_address>
         <size>0x48</size>
         <alignment>0x1</alignment>
         <input_file_ref idref="fl-7f"/>
      </object_component>
      <object_component id="oc-70">
         <name>.debug_ranges</name>
         <load_address>0x48</load_address>
         <run_address>0x48</run_address>
         <size>0x18</size>
         <alignment>0x1</alignment>
         <input_file_ref idref="fl-87"/>
      </object_component>
   </object_component_list>
   <logical_group_list>
      <logical_group id="lg-3" display="no" color="cyan">
         <name>.resetVecs</name>
         <run_address>0x0</run_address>
         <size>0x0</size>
         <contents>
         </contents>
      </logical_group>
      <logical_group id="lg-4" display="no" color="cyan">
         <name>.init_array</name>
         <run_address>0x0</run_address>
         <size>0x0</size>
         <contents>
         </contents>
      </logical_group>
      <logical_group id="lg-5" display="no" color="cyan">
         <name>.text</name>
         <load_address>0x20004000</load_address>
         <run_address>0x20004000</run_address>
         <size>0x2c</size>
         <contents>
            <object_component_ref idref="oc-3e"/>
            <object_component_ref idref="oc-50"/>
            <object_component_ref idref="oc-54"/>
            <object_component_ref idref="oc-6e"/>
         </contents>
      </logical_group>
      <logical_group id="lg-6" display="no" color="cyan">
         <name>.const</name>
         <run_address>0x0</run_address>
         <size>0x0</size>
         <contents>
         </contents>
      </logical_group>
      <logical_group id="lg-7" display="no" color="cyan">
         <name>.cinit</name>
         <load_address>0x20004000</load_address>
         <run_address>0x20004000</run_address>
         <size>0x0</size>
         <contents>
            <object_component_ref idref="oc-dc"/>
         </contents>
      </logical_group>
      <logical_group id="lg-8" display="no" color="cyan">
         <name>.pinit</name>
         <run_address>0x0</run_address>
         <size>0x0</size>
         <contents>
         </contents>
      </logical_group>
      <logical_group id="lg-9" display="no" color="cyan">
         <name>.data</name>
         <run_address>0x0</run_address>
         <size>0x0</size>
         <contents>
         </contents>
      </logical_group>
      <logical_group id="lg-a" display="no" color="cyan">
         <name>.bss</name>
         <run_address>0x0</run_address>
         <size>0x0</size>
         <contents>
         </contents>
      </logical_group>
      <logical_group id="lg-b" display="no" color="cyan">
         <name>.sysmem</name>
         <run_address>0x0</run_address>
         <size>0x0</size>
         <contents>
         </contents>
      </logical_group>
      <logical_group id="lg-c" display="no" color="cyan">
         <name>.ramvecs</name>
         <run_address>0x0</run_address>
         <size>0x0</size>
         <contents>
         </contents>
      </logical_group>
      <logical_group id="lg-d" display="no" color="cyan">
         <name>.stack</name>
         <run_address>0x20003800</run_address>
         <size>0x800</size>
         <contents>
            <object_component_ref idref="oc-12"/>
            <object_component_ref idref="oc-de"/>
         </contents>
      </logical_group>
      <logical_group id="lg-a4" display="no" color="cyan">
         <name>.TI.noinit</name>
         <run_address>0x0</run_address>
         <size>0x0</size>
         <contents>
         </contents>
      </logical_group>
      <logical_group id="lg-a5" display="no" color="cyan">
         <name>.TI.persistent</name>
         <run_address>0x0</run_address>
         <size>0x0</size>
         <contents>
         </contents>
      </logical_group>
      <logical_group id="lg-a6" display="no" color="cyan">
         <name>.TI.local</name>
         <run_address>0x0</run_address>
         <size>0x0</size>
         <contents>
         </contents>
      </logical_group>
      <logical_group id="lg-a7" display="no" color="cyan">
         <name>.TI.onchip</name>
         <run_address>0x0</run_address>
         <size>0x0</size>
         <contents>
         </contents>
      </logical_group>
      <logical_group id="lg-a8" display="no" color="cyan">
         <name>.TI.offchip</name>
         <run_address>0x0</run_address>
         <size>0x0</size>
         <contents>
         </contents>
      </logical_group>
      <logical_group id="lg-a9" display="no" color="cyan">
         <name>__llvm_prf_cnts</name>
         <run_address>0x2001d000</run_address>
         <size>0x0</size>
         <contents>
         </contents>
      </logical_group>
      <logical_group id="lg-ab" display="no" color="cyan">
         <name>__llvm_prf_bits</name>
         <run_address>0x2001d000</run_address>
         <size>0x0</size>
         <contents>
         </contents>
      </logical_group>
      <logical_group id="lg-bf" display="never" color="cyan">
         <name>.debug_abbrev</name>
         <load_address>0x0</load_address>
         <run_address>0x0</run_address>
         <size>0x1e3</size>
         <contents>
            <object_component_ref idref="oc-6c"/>
            <object_component_ref idref="oc-27"/>
            <object_component_ref idref="oc-6a"/>
            <object_component_ref idref="oc-8e"/>
            <object_component_ref idref="oc-e0"/>
         </contents>
      </logical_group>
      <logical_group id="lg-c1" display="never" color="cyan">
         <name>.debug_info</name>
         <load_address>0x0</load_address>
         <run_address>0x0</run_address>
         <size>0x632</size>
         <contents>
            <object_component_ref idref="oc-55"/>
            <object_component_ref idref="oc-13"/>
            <object_component_ref idref="oc-53"/>
            <object_component_ref idref="oc-6f"/>
            <object_component_ref idref="oc-df"/>
         </contents>
      </logical_group>
      <logical_group id="lg-c3" display="never" color="cyan">
         <name>.debug_str</name>
         <load_address>0x0</load_address>
         <run_address>0x0</run_address>
         <size>0x507</size>
         <contents>
            <object_component_ref idref="oc-6d"/>
            <object_component_ref idref="oc-28"/>
            <object_component_ref idref="oc-6b"/>
            <object_component_ref idref="oc-8f"/>
         </contents>
      </logical_group>
      <logical_group id="lg-c5" display="never" color="cyan">
         <name>.debug_frame</name>
         <load_address>0x0</load_address>
         <run_address>0x0</run_address>
         <size>0x100</size>
         <contents>
            <object_component_ref idref="oc-56"/>
            <object_component_ref idref="oc-3f"/>
            <object_component_ref idref="oc-52"/>
            <object_component_ref idref="oc-72"/>
         </contents>
      </logical_group>
      <logical_group id="lg-c7" display="never" color="cyan">
         <name>.debug_line</name>
         <load_address>0x0</load_address>
         <run_address>0x0</run_address>
         <size>0x27e</size>
         <contents>
            <object_component_ref idref="oc-57"/>
            <object_component_ref idref="oc-29"/>
            <object_component_ref idref="oc-51"/>
            <object_component_ref idref="oc-71"/>
         </contents>
      </logical_group>
      <logical_group id="lg-c9" display="never" color="cyan">
         <name>.debug_loc</name>
         <load_address>0x0</load_address>
         <run_address>0x0</run_address>
         <size>0xfe</size>
         <contents>
            <object_component_ref idref="oc-2b"/>
            <object_component_ref idref="oc-74"/>
         </contents>
      </logical_group>
      <logical_group id="lg-cb" display="never" color="cyan">
         <name>.debug_ranges</name>
         <load_address>0x0</load_address>
         <run_address>0x0</run_address>
         <size>0x60</size>
         <contents>
            <object_component_ref idref="oc-2a"/>
            <object_component_ref idref="oc-70"/>
         </contents>
      </logical_group>
      <logical_group id="lg-dd" display="no" color="cyan">
         <name>Veneer$$CMSE</name>
         <run_address>0x0</run_address>
         <size>0x0</size>
         <contents>
         </contents>
      </logical_group>
      <load_segment id="lg-e1" display="no" color="cyan">
         <name>SEGMENT_0</name>
         <run_address>0x20003800</run_address>
         <size>0x800</size>
         <flags>0x6</flags>
         <contents>
            <logical_group_ref idref="lg-d"/>
         </contents>
      </load_segment>
      <load_segment id="lg-e2" display="no" color="cyan">
         <name>SEGMENT_1</name>
         <load_address>0x20004000</load_address>
         <run_address>0x20004000</run_address>
         <size>0x2c</size>
         <flags>0x5</flags>
         <contents>
            <logical_group_ref idref="lg-5"/>
         </contents>
      </load_segment>
   </logical_group_list>
   <placement_map>
      <memory_area display="yes" color="green">
         <name>SRAM_DATA_2</name>
         <page_id>0x0</page_id>
         <origin>0x20000000</origin>
         <length>0x4000</length>
         <used_space>0x800</used_space>
         <unused_space>0x3800</unused_space>
         <attributes>RWX</attributes>
         <usage_details>
            <available_space>
               <start_address>0x20000000</start_address>
               <size>0x3800</size>
            </available_space>
            <allocated_space>
               <start_address>0x20003800</start_address>
               <size>0x800</size>
               <logical_group_ref idref="lg-d"/>
            </allocated_space>
         </usage_details>
      </memory_area>
      <memory_area display="yes" color="green">
         <name>SRAM_CODE</name>
         <page_id>0x0</page_id>
         <origin>0x20004000</origin>
         <length>0x19000</length>
         <used_space>0x2c</used_space>
         <unused_space>0x18fd4</unused_space>
         <attributes>RWX</attributes>
         <usage_details>
            <allocated_space>
               <start_address>0x20004000</start_address>
               <size>0x0</size>
               <logical_group_ref idref="lg-7"/>
            </allocated_space>
            <allocated_space>
               <start_address>0x20004000</start_address>
               <size>0x2c</size>
               <logical_group_ref idref="lg-5"/>
            </allocated_space>
            <available_space>
               <start_address>0x2000402c</start_address>
               <size>0x18fd4</size>
            </available_space>
         </usage_details>
      </memory_area>
      <memory_area display="yes" color="green">
         <name>SRAM_DATA</name>
         <page_id>0x0</page_id>
         <origin>0x2001d000</origin>
         <length>0x23000</length>
         <used_space>0x0</used_space>
         <unused_space>0x23000</unused_space>
         <attributes>RWX</attributes>
         <usage_details>
            <allocated_space>
               <start_address>0x2001d000</start_address>
               <size>0x0</size>
               <logical_group_ref idref="lg-a9"/>
            </allocated_space>
            <allocated_space>
               <start_address>0x2001d000</start_address>
               <size>0x0</size>
               <logical_group_ref idref="lg-ab"/>
            </allocated_space>
            <available_space>
               <start_address>0x2001d000</start_address>
               <size>0x23000</size>
            </available_space>
         </usage_details>
      </memory_area>
   </placement_map>
   <symbol_table>
      <symbol id="sm-1">
         <name>__start___llvm_prf_cnts</name>
         <value>0x2001d000</value>
      </symbol>
      <symbol id="sm-2">
         <name>__stop___llvm_prf_cnts</name>
         <value>0x2001d000</value>
      </symbol>
      <symbol id="sm-3">
         <name>__start___llvm_prf_bits</name>
         <value>0x2001d000</value>
      </symbol>
      <symbol id="sm-4">
         <name>__stop___llvm_prf_bits</name>
         <value>0x2001d000</value>
      </symbol>
      <symbol id="sm-5">
         <name>__TI_CINIT_Base</name>
         <value>0x20004000</value>
      </symbol>
      <symbol id="sm-6">
         <name>__TI_CINIT_Limit</name>
         <value>0x20004000</value>
      </symbol>
      <symbol id="sm-7">
         <name>__TI_CINIT_Warm</name>
         <value>0x20004000</value>
      </symbol>
      <symbol id="sm-8">
         <name>binit</name>
         <value>0xffffffff</value>
      </symbol>
      <symbol id="sm-9">
         <name>__binit__</name>
         <value>0xffffffff</value>
      </symbol>
      <symbol id="sm-a">
         <name>__STACK_SIZE</name>
         <value>0x800</value>
      </symbol>
      <symbol id="sm-b">
         <name>__STACK_END</name>
         <value>0x20004000</value>
      </symbol>
      <symbol id="sm-c">
         <name>__TI_pprof_out_hndl</name>
         <value>0xffffffff</value>
      </symbol>
      <symbol id="sm-d">
         <name>__TI_prof_data_start</name>
         <value>0xffffffff</value>
      </symbol>
      <symbol id="sm-e">
         <name>__TI_prof_data_size</name>
         <value>0xffffffff</value>
      </symbol>
      <symbol id="sm-f">
         <name>__TI_static_base__</name>
         <value>0x20003800</value>
      </symbol>
      <symbol id="sm-31">
         <name>main</name>
         <value>0x20004025</value>
         <object_component_ref idref="oc-54"/>
      </symbol>
      <symbol id="sm-32">
         <name>__TI_ATRegion0_src_addr</name>
         <value>0x0</value>
      </symbol>
      <symbol id="sm-33">
         <name>__TI_ATRegion0_trg_addr</name>
         <value>0x0</value>
      </symbol>
      <symbol id="sm-34">
         <name>__TI_ATRegion0_region_sz</name>
         <value>0x0</value>
      </symbol>
      <symbol id="sm-35">
         <name>__TI_ATRegion1_src_addr</name>
         <value>0x0</value>
      </symbol>
      <symbol id="sm-36">
         <name>__TI_ATRegion1_trg_addr</name>
         <value>0x0</value>
      </symbol>
      <symbol id="sm-37">
         <name>__TI_ATRegion1_region_sz</name>
         <value>0x0</value>
      </symbol>
      <symbol id="sm-38">
         <name>__TI_ATRegion2_src_addr</name>
         <value>0x0</value>
      </symbol>
      <symbol id="sm-39">
         <name>__TI_ATRegion2_trg_addr</name>
         <value>0x0</value>
      </symbol>
      <symbol id="sm-3a">
         <name>__TI_ATRegion2_region_sz</name>
         <value>0x0</value>
      </symbol>
      <symbol id="sm-46">
         <name>_c_int00_noinit_noargs</name>
         <value>0x20004001</value>
         <object_component_ref idref="oc-3e"/>
      </symbol>
      <symbol id="sm-47">
         <name>__stack</name>
         <value>0x20003800</value>
         <object_component_ref idref="oc-12"/>
      </symbol>
      <symbol id="sm-51">
         <name>_system_pre_init</name>
         <value>0x20004021</value>
         <object_component_ref idref="oc-50"/>
      </symbol>
      <symbol id="sm-5f">
         <name>abort</name>
         <value>0x20004029</value>
         <object_component_ref idref="oc-6e"/>
      </symbol>
      <symbol id="sm-60">
         <name>C$$EXIT</name>
         <value>0x20004028</value>
         <object_component_ref idref="oc-6e"/>
      </symbol>
      <symbol id="sm-63">
         <name>__mpu_init</name>
         <value>0x0</value>
      </symbol>
   </symbol_table>
   <title>Link successful</title>
</link_info>
